logFC	logCPM	PValue	FDR
Saci_2195	2.20684995776684	11.0927705997391	1.02927302855768e-10	8.54296613702874e-08
Saci_2207	1.36932788985508	9.89460418433061	0.000261715122764067	0.108611775947088
Saci_2057	-1.14348689628667	8.8724152235535	0.000541628664083371	0.149850597063066
Saci_1180	1.48797210844368	8.17850098333358	0.00113928773391669	0.236402204787714
Saci_1894	-1.09947562618601	12.1524959095426	0.00202471619647678	0.336102888615145
Saci_0317	-1.2453668585195	7.65395217155112	0.00471150340955806	0.577439426648802
Saci_0213	0.941399505145286	11.4777632671338	0.00530064963150904	0.577439426648802
Saci_1275	1.1888182152122	8.51178557869018	0.00556568122071134	0.577439426648802
Saci_0286	0.906805145931974	8.96339253782206	0.0080637243997644	0.743654583533828
Saci_0485	-0.780533574196748	9.50084573051532	0.0107394332048142	0.815049814738054
Saci_0158	-0.835090185308248	8.42814228486212	0.0108018650146007	0.815049814738054
Saci_0559	-0.864526853571439	8.44424857175806	0.0144969180201212	0.837857537419521
Saci_1026	0.903401226421159	8.66200652006224	0.015896247913825	0.837857537419521
Saci_1713	0.847740238442371	10.1527448731142	0.0166454449726421	0.837857537419521
Saci_0357	-1.08449416958422	7.75571067079714	0.0185508324563105	0.837857537419521
Saci_0721	0.946635850701816	10.2327907699275	0.019262340637034	0.837857537419521
Saci_0016	0.867965581825787	8.19317719756864	0.0199518118206447	0.837857537419521
Saci_1897	-0.758330649123046	8.98072921701615	0.0219239164879737	0.837857537419521
Saci_1257	1.07818249410033	7.45760002757064	0.0226172473877282	0.837857537419521
Saci_1071	0.77587235666254	10.4105448597832	0.0228901403691527	0.837857537419521
Saci_1660	0.826969526270643	8.74607608931311	0.0229679670906634	0.837857537419521
Saci_0214	-0.7093831773131	10.365608499409	0.0244911483838045	0.837857537419521
Saci_0099	0.702734297726689	9.42132893239745	0.0250277303876092	0.837857537419521
Saci_2083	0.720065833372364	8.70880088119887	0.0253078411397945	0.837857537419521
Saci_0072	0.761050235588351	8.97035285467074	0.0269435809878009	0.837857537419521
Saci_1224	0.710642529625812	14.7708946376951	0.0270048938735488	0.837857537419521
Saci_1626	0.71903307917813	10.7515201506357	0.0272556066389483	0.837857537419521
Saci_1663	0.871565266028491	7.91577141969166	0.0293228220299647	0.869212224459669
Saci_0149	-0.773562646863176	8.06945387003717	0.0310986509892537	0.876502544056771
Saci_0410	0.809569054619089	8.99247225653985	0.0322935181277988	0.876502544056771
Saci_0360	-0.83140421684051	7.93127067387201	0.0328729088427702	0.876502544056771
Saci_0880	0.649895059000564	9.02996208050271	0.0337928691684538	0.876502544056771
Saci_0302	-0.786907382547318	9.49352634626781	0.0416232151134586	0.938710946158066
Saci_1468	-0.817969770551702	7.61899420598126	0.0421801997197441	0.938710946158066
Saci_1165	-0.797418551169073	7.86188811866111	0.0422842671674435	0.938710946158066
Saci_1573	0.823589810678228	11.0277693312475	0.0430717068050331	0.938710946158066
Saci_2131	-0.735325979506067	9.30035905855591	0.0431030679734444	0.938710946158066
Saci_1399	-0.741793042685031	12.5450933680093	0.044485599859468	0.938710946158066
Saci_0797	0.855202020212517	11.5845689001796	0.0453636011046028	0.938710946158066
Saci_1572	0.656224663097915	9.26272816867464	0.0477361848520092	0.938710946158066
Saci_0054	-0.967129490538622	7.37108361705684	0.0515302724205218	0.938710946158066
Saci_0766	0.646152106615042	8.76550592170214	0.0517829449018035	0.938710946158066
Saci_1885	-0.735937490338034	8.02633546984553	0.0535266312695495	0.938710946158066
Saci_0161	0.602739927536494	8.63204053781419	0.0544069784968418	0.938710946158066
Saci_0818	0.759917035892898	9.99033917554662	0.0550930745932526	0.938710946158066
Saci_0921	-0.641302139710501	12.361518014893	0.0556397842722329	0.938710946158066
Saci_2026	-0.762653447027472	7.38501335520349	0.0571046661459869	0.938710946158066
Saci_1678	-0.804113747908011	6.93244979599026	0.0606692457699694	0.938710946158066
Saci_0148	-0.717569124732356	7.41202237787163	0.0608946228172463	0.938710946158066
Saci_0320	-0.824141343070922	7.64944655671461	0.0617536750599521	0.938710946158066
Saci_2126	-0.779353099560811	7.07375966928586	0.0631003035312829	0.938710946158066
Saci_0116	0.723188359179598	8.18300136759287	0.063284553587708	0.938710946158066
Saci_1599	-0.70957968307886	11.4121890161516	0.0636429904941629	0.938710946158066
Saci_0236	0.7531605094888	8.22746443643816	0.0656462219876256	0.938710946158066
Saci_0986	0.650167219781201	9.38871120038307	0.068045771454906	0.938710946158066
Saci_0147	-0.603127790980801	8.66326845840961	0.0689680649762065	0.938710946158066
Saci_0976	-0.744450206705442	7.0915173386619	0.0701613361908581	0.938710946158066
Saci_1470	0.619223437708155	12.3787968332792	0.0703678546505123	0.938710946158066
Saci_1210	-0.728593333811262	7.44939456128641	0.0727287755192521	0.938710946158066
Saci_0459	0.696400952906772	7.94557929522524	0.0733694891440537	0.938710946158066
Saci_1031	0.550843003659333	10.2992306370447	0.0748063768239825	0.938710946158066
Saci_1199	-0.7384014259664	7.58849638587356	0.0751468195199865	0.938710946158066
Saci_0415	0.55354009581855	9.63154143999058	0.075708179341186	0.938710946158066
Saci_2263	-0.629275117755283	9.32919468341615	0.0757232545209346	0.938710946158066
Saci_0897	0.684050569319501	8.38514201043738	0.0788998628548609	0.938710946158066
Saci_0957	0.670263098468486	9.60979321314318	0.0790967307504899	0.938710946158066
Saci_1140	-0.536738016487258	10.1081538035985	0.0791156021148335	0.938710946158066
Saci_0711	0.562311245672655	9.84852054455337	0.0820015424991543	0.938710946158066
Saci_0219	0.628470429679388	9.32245758833207	0.0841835535852067	0.938710946158066
Saci_1167	-0.7474432624875	7.83140494037519	0.0845053916909359	0.938710946158066
Saci_0024	0.553527186245637	9.26896707132075	0.085409200612614	0.938710946158066
Saci_2271	-0.779323570817487	7.68094348710507	0.0873794193938048	0.938710946158066
Saci_0079	-0.73150678659717	7.40739102508202	0.0885738191051624	0.938710946158066
Saci_2349	0.590910230978037	10.5901820101663	0.0891997326076522	0.938710946158066
Saci_0262	0.581034532575093	9.82178296168001	0.0924781246034157	0.938710946158066
Saci_1402	0.537880428335195	10.8648072454905	0.094204723905462	0.938710946158066
Saci_0700	-0.639263402924039	7.78078880294681	0.0943774067766767	0.938710946158066
Saci_1497	-0.691432640222352	7.34291510803638	0.0954736610305484	0.938710946158066
Saci_0023	0.624422198049168	11.983257266463	0.0958962552857406	0.938710946158066
Saci_1552	-0.544603663290556	8.39333448460745	0.0961998996409666	0.938710946158066
Saci_0331	-0.778098192833017	7.19757815957759	0.0963075121603725	0.938710946158066
Saci_1285	0.610454329421825	8.75609909875277	0.0968230103581516	0.938710946158066
Saci_0263	0.577446007517427	8.43908576968951	0.0974224511318543	0.938710946158066
Saci_0640	0.582943896313175	11.0691799696768	0.101876721513778	0.938710946158066
Saci_0111	-0.55919768562728	8.45496868794434	0.101932324074344	0.938710946158066
Saci_0304	-0.637638720865016	8.37152279634413	0.103423402712516	0.938710946158066
Saci_1077	-0.551186235766616	10.8717847342794	0.103720441538851	0.938710946158066
Saci_1331	-0.539995216419703	8.5006839323701	0.103901880912179	0.938710946158066
Saci_0695	0.61582836417945	11.8571114942169	0.104846121249342	0.938710946158066
Saci_1834	-0.531884469474806	8.62680313234125	0.105321132555969	0.938710946158066
Saci_0839	-0.560581218253166	8.30124181964976	0.105612847242612	0.938710946158066
Saci_1091	0.780916987287269	7.60810405472075	0.10652292507613	0.938710946158066
Saci_0318	0.642628141082364	8.81907308708967	0.106636508679981	0.938710946158066
Saci_1127	-0.65349677671389	7.93595101626997	0.107405707251113	0.938710946158066
Saci_0998	0.527627813055497	10.0112399969714	0.107442819138574	0.938710946158066
Saci_0378	-0.686573279751114	7.00658527295723	0.109023115404719	0.940994790994743
Saci_0943	-0.645698732215301	8.03899494003911	0.111075226361939	0.940994790994743
Saci_1195	-0.568243312221629	12.1756673249566	0.111105409057211	0.940994790994743
Saci_1126	-0.648155687826232	6.99939122605191	0.115847888150717	0.951735521722165
Saci_1057	0.486475504479415	9.21216801470905	0.116194104342215	0.951735521722165
Saci_0528	-0.515878302965334	9.24871624302168	0.11640374541013	0.951735521722165
Saci_1671	-0.523559021494969	8.6168192775673	0.116960268934531	0.951735521722165
Saci_1482	0.536992458301677	9.5549052234566	0.120293404381394	0.954810777507834
Saci_1910	0.512589588727445	10.0213108251716	0.120470715609593	0.954810777507834
Saci_0791	-0.630535298225193	7.34088751767134	0.120855745978243	0.954810777507834
Saci_0156	-0.496308088034136	13.4801478286633	0.121939689657627	0.954810777507834
Saci_1478	0.612673556161001	8.17789207271704	0.123143988302081	0.955229068137635
Saci_1076	0.483897953443474	9.6094530570252	0.125595876364639	0.960807037893297
Saci_1449	-0.586176145134154	8.01523564432673	0.126178273651047	0.960807037893297
Saci_0012	0.541239946097928	9.76356878625809	0.129265038563394	0.964855396641672
Saci_1245	0.516517281975012	9.8031853081116	0.130103314891524	0.964855396641672
Saci_1558	0.530957219621615	11.1040547344671	0.130197354727551	0.964855396641672
Saci_1806	0.472336908632465	9.55934314643302	0.134115244579239	0.966086027935049
Saci_1710	0.508726279858233	8.55766902847268	0.13502212385059	0.966086027935049
Saci_1389	-0.696798842312949	7.06756657310365	0.135419706413283	0.966086027935049
Saci_1475	-0.582031475008177	7.64687306912029	0.136676535375608	0.966086027935049
Saci_0892	0.487693360032677	8.89649254431427	0.138525334200585	0.966086027935049
Saci_0857	-0.46693726808125	8.76969180396843	0.139065353077509	0.966086027935049
Saci_1557	0.518549651213099	9.15089333852438	0.139090038701224	0.966086027935049
Saci_1800	0.470268814528786	10.1010024906085	0.140199032958802	0.966086027935049
Saci_2357	0.62715822797018	7.66567402362806	0.140839047445953	0.966086027935049
Saci_1353	-0.499123476970303	8.29036762650144	0.14263063837364	0.970355982378039
Saci_0849	0.497981388239837	8.29895626723586	0.148507044305243	0.974144355046722
Saci_1406	0.605881165631664	7.45506316221136	0.151350318197955	0.974144355046722
Saci_2163	0.439270816883404	9.1948402360265	0.151736838374202	0.974144355046722
Saci_1758	-0.469724541084835	8.44753533044647	0.152164692473401	0.974144355046722
Saci_0529	0.526924745118419	10.5041381844014	0.153523521715213	0.974144355046722
Saci_1774	0.451080953934931	11.1061368265731	0.156118568076489	0.974144355046722
Saci_1218	-0.520928666233432	11.7337519436033	0.156611513815487	0.974144355046722
Saci_1566	0.568269202961943	7.99299141090169	0.1577338630385	0.974144355046722
Saci_1680	-0.469309328081979	10.2583623300851	0.159366341320823	0.974144355046722
Saci_2227	-0.629686120077251	11.3161133920217	0.163392153569486	0.974144355046722
Saci_1332	0.516089688975462	7.9909545754204	0.163491747419245	0.974144355046722
Saci_0679	0.442667725319233	8.64985015615678	0.163827593490205	0.974144355046722
Saci_0934	0.570373375801421	7.41563661871216	0.165470050405143	0.974144355046722
Saci_0854	-0.569899992314363	7.39920165946298	0.165976862136469	0.974144355046722
Saci_1743	0.509879372392184	8.17451611001443	0.169162472635117	0.974144355046722
Saci_1003	0.474734810899265	8.52907177855632	0.173324819467813	0.974144355046722
Saci_1104	-0.469292308407417	10.2533788240097	0.1739498766966	0.974144355046722
Saci_0825	0.457494330127866	12.192484607989	0.176205266371213	0.974144355046722
Saci_1512	-0.563945606791174	7.9468020830144	0.177244300062392	0.974144355046722
Saci_0049	-0.456505689340762	9.31673981987527	0.177969890911552	0.974144355046722
Saci_1659	0.482645156279658	13.661728303686	0.180494829605658	0.974144355046722
Saci_1764	-0.547717124234114	7.367289481144	0.181346885455589	0.974144355046722
Saci_0347	0.419564628731622	10.6664517371444	0.18178963253754	0.974144355046722
Saci_1249	-0.519875192773217	14.4354797848557	0.184891654915203	0.974144355046722
Saci_1302	0.427609936021954	8.45306614899537	0.185339055439675	0.974144355046722
Saci_0294	0.488544335211714	8.50097118177538	0.185887065527652	0.974144355046722
Saci_1669	-0.410584800464	9.72452386838247	0.187764949239189	0.974144355046722
Saci_2137	0.593946529257448	8.09752870216909	0.188330839884588	0.974144355046722
Saci_0557	0.593528673155232	7.46524092952528	0.190149732345888	0.974144355046722
Saci_1820	0.420712062702146	9.20346329334828	0.190838535460883	0.974144355046722
Saci_1377	-0.417085424819633	12.412849516334	0.191671464265651	0.974144355046722
Saci_0840	0.433979500623781	10.8100300355331	0.194084927225823	0.974144355046722
Saci_0432	-0.399848405285436	9.68319436819696	0.194104245097088	0.974144355046722
Saci_0123	0.495890161106687	8.45567167001639	0.194381149220646	0.974144355046722
Saci_1342	0.495872679914355	8.44523162918791	0.197523474434845	0.974144355046722
Saci_1625	0.429193317868867	8.47009942307971	0.198168365427205	0.974144355046722
Saci_0948	0.464500147669192	8.35063776551746	0.198262541062956	0.974144355046722
Saci_1035	-0.562322672947979	6.86524922705674	0.201851387385275	0.974144355046722
Saci_0999	0.441949959684498	10.6561280249553	0.203491009236172	0.974144355046722
Saci_2162	0.418775291388198	9.2988458562691	0.20384955729582	0.974144355046722
Saci_0422	0.403454132536509	9.36912645389092	0.204090714571294	0.974144355046722
Saci_1297	-0.385579035751188	9.55797977122082	0.205046201968792	0.974144355046722
Saci_1138	0.52707045307778	7.91134434465691	0.207946017483362	0.974144355046722
Saci_1739	-0.521802374593248	7.29993951477474	0.208514853593318	0.974144355046722
Saci_1477	0.45542843008129	9.7886321136621	0.211419118413913	0.974144355046722
Saci_0381	-0.384698514253221	9.98382553403862	0.213334623434822	0.974144355046722
Saci_2356	-0.497983004387432	7.56263118189667	0.213591713731015	0.974144355046722
Saci_1548	0.513628514191862	7.17460042288126	0.21417435232112	0.974144355046722
Saci_0237	-0.457648608621421	7.89981619602781	0.21574592221674	0.974144355046722
Saci_1186	0.527070762249367	8.09815910846126	0.216552631720299	0.974144355046722
Saci_1223	0.399611772518751	11.1218939489321	0.217398985444364	0.974144355046722
Saci_1782	-0.559192985548699	7.73807468805613	0.217552783320486	0.974144355046722
Saci_2099	-0.421558038274407	9.58984106292102	0.218862119100845	0.974144355046722
Saci_1737	0.394887185394394	9.07716078017928	0.219683814943351	0.974144355046722
Saci_0794	-0.480765451788811	8.4196088849166	0.222415658126228	0.974144355046722
Saci_0178	-0.406726928364686	10.6411658081636	0.223061752945489	0.974144355046722
Saci_2324	0.387720869440209	9.02696990780208	0.223105137483172	0.974144355046722
Saci_0208	0.438061069773469	8.75860475167911	0.223255179558637	0.974144355046722
Saci_1662	0.381853861492572	10.3184043994574	0.224520807739342	0.974144355046722
Saci_1415	-0.430401115083971	9.21469732845367	0.226774529856287	0.974144355046722
Saci_1817	-0.439876986292481	7.93847701085966	0.227532359399523	0.974144355046722
Saci_1788	0.400939915605696	9.62518209016599	0.228412768643414	0.974144355046722
Saci_2119	0.50377234866544	7.13715370069372	0.229284937244271	0.974144355046722
Saci_2110	-0.430869580818175	8.6398620705566	0.230511178489633	0.974144355046722
Saci_1228	0.453760181361402	12.3658862268476	0.231039764799374	0.974144355046722
Saci_2302	0.519771706619317	7.44720291881854	0.231244345813425	0.974144355046722
Saci_2192	0.450938711037492	8.1471699046422	0.232841373514561	0.974144355046722
Saci_2317	-0.357921569813681	9.4090988010791	0.233165973364715	0.974144355046722
Saci_0490	-0.493766572526103	7.53935404237096	0.237151537245022	0.974144355046722
Saci_0278	-0.387884987115414	14.043989952528	0.238108406868476	0.974144355046722
Saci_0717	0.372607203520543	8.68712777099628	0.240562631727329	0.974144355046722
Saci_1430	-0.380356051963643	10.5027715203203	0.241217640702062	0.974144355046722
Saci_2153	-0.462451865593995	7.58971353316504	0.242032527221131	0.974144355046722
Saci_1514	-0.454850608305932	7.40557349852156	0.242725378156331	0.974144355046722
Saci_1504	-0.390110937691857	10.0801259082789	0.242771740573022	0.974144355046722
Saci_1243	0.376322543277614	11.2614529500549	0.243481000670033	0.974144355046722
Saci_2265	0.42253443477505	10.5022320479691	0.245011070783011	0.974144355046722
Saci_1351	-0.440997201993197	11.6564877761097	0.245702069230653	0.974144355046722
Saci_0769	0.441919364116908	10.9712915714965	0.245832165477276	0.974144355046722
Saci_1584	0.42820413267898	11.6883502748518	0.246973820475455	0.974144355046722
Saci_0737	-0.472574400290637	7.41392702407027	0.2472203613875	0.974144355046722
Saci_1038	-0.355300772999381	9.30937043206745	0.247256421011009	0.974144355046722
Saci_1787	0.474338071285298	6.92563576225463	0.25054336231304	0.974144355046722
Saci_1640	-0.359647719958206	9.64820812091613	0.2509792002562	0.974144355046722
Saci_1217	0.417545148463391	8.82883050521497	0.255658407697426	0.974144355046722
Saci_1025	0.373517488336125	9.15913317946518	0.255833988005737	0.974144355046722
Saci_0337	-0.477235294871278	7.37817554805627	0.255943898529515	0.974144355046722
Saci_1786	-0.379953164814381	8.95075085592083	0.257299592691209	0.974144355046722
Saci_0411	0.370131631469441	10.6198350268812	0.257892789902082	0.974144355046722
Saci_0134	0.379812970656578	10.0633125054772	0.258351096720987	0.974144355046722
Saci_1686	-0.359427616975254	8.90131470944289	0.260540789676512	0.974144355046722
Saci_1538	-0.501615021081872	8.07572645929208	0.260630713090348	0.974144355046722
Saci_2127	-0.445341861997282	7.84871095998861	0.265488907240892	0.974144355046722
Saci_2307	0.433839636563253	12.4343410795219	0.266824031190964	0.974144355046722
Saci_0906	-0.354183276298836	9.91939238454614	0.266831005773624	0.974144355046722
Saci_0287	0.471724627887199	7.67646859364334	0.268410922520204	0.974144355046722
Saci_1358	-0.355454575022453	11.9123672944997	0.271625802153944	0.974144355046722
Saci_0453	-0.326249016926196	9.42938833710573	0.275323759433981	0.974144355046722
Saci_2348	-0.444886283871181	7.67075525549498	0.275420009177283	0.974144355046722
Saci_1284	0.354698388043264	8.96577553146216	0.275575626052694	0.974144355046722
Saci_1418	-0.365300154813546	11.3097155325559	0.275599162567219	0.974144355046722
Saci_0659	0.390498354973225	11.721320741341	0.276964192564828	0.974144355046722
Saci_0942	0.363546253551051	8.33166728979819	0.277231971685433	0.974144355046722
Saci_0932	0.454196789477588	8.22746681252348	0.28010492059096	0.974144355046722
Saci_0883	0.338090596056226	10.4224352908787	0.280533161332821	0.974144355046722
Saci_2133	-0.517382622089074	7.91795503186558	0.282812806002146	0.974144355046722
Saci_0428	0.346757266903439	11.4766560086864	0.283560891680272	0.974144355046722
Saci_2036	-0.348094464612692	10.0097919606001	0.286367733838693	0.974144355046722
Saci_1762	-0.322904926610271	9.11406063061265	0.288128386401117	0.974144355046722
Saci_2303	0.381193448176137	11.3855241585712	0.289854480519385	0.974144355046722
Saci_0979	-0.338968283657522	10.0740765090437	0.29007341133327	0.974144355046722
Saci_1012	0.403416519909226	8.71747465140806	0.290347466209551	0.974144355046722
Saci_0941	-0.332871766589876	13.1195753642632	0.291097707926201	0.974144355046722
Saci_2363	0.349110766295561	9.78152267548757	0.291152555393179	0.974144355046722
Saci_1571	0.367639130952468	9.04974787415425	0.291411801372401	0.974144355046722
Saci_1757	-0.446538745478492	8.11672049003259	0.295145013711755	0.974144355046722
Saci_0129	0.382379105679037	10.30605430505	0.29526915863401	0.974144355046722
Saci_2373	0.354745459366383	9.39757172364748	0.295706829611763	0.974144355046722
Saci_0043	0.453579927610324	7.26240621018373	0.296598695910382	0.974144355046722
Saci_0756	-0.448597133431465	6.92510416483221	0.296909937861923	0.974144355046722
Saci_0380	0.378994637535564	10.9672807619797	0.299063405205416	0.974144355046722
Saci_2257	-0.410703821525513	8.30412872055264	0.301214515369301	0.974144355046722
Saci_1267	0.394388096499305	11.9066537812486	0.301446336854471	0.974144355046722
Saci_1333	0.320775666793135	9.29836758405338	0.301809160444089	0.974144355046722
Saci_1490	0.373452817560851	10.2390464513892	0.302789678154951	0.974144355046722
Saci_2088	-0.404142319151586	7.46215923703344	0.303455617247498	0.974144355046722
Saci_1658	0.384745726029005	10.5890356886748	0.303457288502883	0.974144355046722
Saci_1007	-0.421148195709397	7.50392327175134	0.30419681968172	0.974144355046722
Saci_2325	-0.399926619947457	7.85209695932004	0.306105624963626	0.974144355046722
Saci_0680	-0.431415382166274	7.06217595017573	0.306177065456838	0.974144355046722
Saci_1282	-0.415417351098043	7.56783207678842	0.307131713882605	0.974144355046722
Saci_0130	0.395827221783689	7.92228364092866	0.310746438593603	0.974144355046722
Saci_0603	-0.373381005463939	7.94332833922544	0.310748820339598	0.974144355046722
Saci_1061	-0.399119455950432	7.59492370351692	0.312137233697396	0.974144355046722
Saci_1693	-0.431345208387164	7.18004447737047	0.313676324931264	0.974144355046722
Saci_1266	0.318443379853595	9.66424223783199	0.315169361517456	0.974144355046722
Saci_0930	-0.361802726927421	12.6227837889174	0.319106869617472	0.974144355046722
Saci_1499	-0.377881770636714	8.41563064099093	0.32041964085079	0.974144355046722
Saci_1505	-0.330724099486709	12.5759605361848	0.321387101916994	0.974144355046722
Saci_1672	0.350270739710789	10.198443718286	0.322476013905742	0.974144355046722
Saci_0298	0.327757992256646	9.75482329293493	0.323001918438967	0.974144355046722
Saci_0440	-0.362496585321898	9.32848750893434	0.323834056799885	0.974144355046722
Saci_1401	-0.313962841218939	10.4653303522441	0.324522337208042	0.974144355046722
Saci_1802	-0.313233939195502	8.88580092906953	0.325500499683369	0.974144355046722
Saci_1768	-0.321310362574334	9.48917919953556	0.327798557132795	0.974144355046722
Saci_2311	-0.347389538773181	9.33260584603624	0.328143095394394	0.974144355046722
Saci_0334	-0.360071133613883	8.17323853868955	0.328378451626564	0.974144355046722
Saci_0370	-0.39530347936735	8.20353731439306	0.329368213586586	0.974144355046722
Saci_1256	0.306409966365044	10.0643502959652	0.331265325963172	0.974144355046722
Saci_2316	-0.318780965003137	8.39477361400203	0.332789763456879	0.974144355046722
Saci_1833	0.301095417932536	10.1578723602183	0.333043147612355	0.974144355046722
Saci_1343	-0.313677963162279	13.3268680210104	0.333093173759403	0.974144355046722
Saci_1193	0.367530673698796	10.9940440187976	0.334499918181477	0.974144355046722
Saci_0025	0.348569472105883	8.59647483823851	0.335319374186464	0.974144355046722
Saci_0154	-0.308649566774285	8.57648568137532	0.336743797050826	0.974144355046722
Saci_2366	0.331251566720629	11.1654699490726	0.338784036165824	0.974144355046722
Saci_0750	0.349773434529542	7.86492266958659	0.339482830348001	0.974144355046722
Saci_1381	0.299208302027018	10.0912860709263	0.340536620597852	0.974144355046722
Saci_0869	-0.403779484156064	7.79645735662095	0.340787136311909	0.974144355046722
Saci_0257	-0.306587364256338	8.87325166628366	0.341040440041645	0.974144355046722
Saci_2308	-0.376436303095151	10.941376217855	0.341094631147837	0.974144355046722
Saci_1338	0.296396310319752	10.7883269830445	0.345473818052801	0.974144355046722
Saci_0564	0.293781802823509	8.84195191370755	0.345684088266806	0.974144355046722
Saci_0929	-0.309044359655195	11.0482925995739	0.346726203690053	0.974144355046722
Saci_2331	-0.328394732779051	10.4138835375592	0.349274647840918	0.974144355046722
Saci_2318	-0.293673821198893	10.833159267009	0.349564944250621	0.974144355046722
Saci_0922	-0.32320207927266	9.64170692289943	0.351001513884575	0.974144355046722
Saci_1745	0.323423117382741	9.29284685363344	0.351787027318199	0.974144355046722
Saci_1773	0.321590602229187	9.68491511823462	0.352196961368122	0.974144355046722
Saci_2260	-0.306893487684647	8.61817952182623	0.352407822574614	0.974144355046722
Saci_2211	0.3055753533677	8.93971491764403	0.352432004838329	0.974144355046722
Saci_1840	0.285748460023624	8.67537039204371	0.354660526768287	0.974144355046722
Saci_1624	0.299038590279708	9.35133377317701	0.355251392065911	0.974144355046722
Saci_1761	0.364907565483787	7.89595223188501	0.357713250513395	0.974144355046722
Saci_2169	0.310762823690715	9.08235231346327	0.358358060423491	0.974144355046722
Saci_0920	-0.310832857267151	11.1710969669125	0.359160216216345	0.974144355046722
Saci_1261	0.336358752702126	8.48981038324734	0.359633712008132	0.974144355046722
Saci_2096	-0.376374761376186	7.63189566572907	0.360700701727371	0.974144355046722
Saci_0053	-0.382706245120755	7.24865014357406	0.363438628685572	0.974144355046722
Saci_1536	0.387436101728588	7.5580965695434	0.365401915242697	0.974144355046722
Saci_0266	0.329350748815127	9.6232845600125	0.369965266550281	0.974144355046722
Saci_0010	-0.289119553365871	10.0931919941502	0.370994979612612	0.974144355046722
Saci_1912	0.300796997705259	9.94525598140797	0.372394828454685	0.974144355046722
Saci_0127	-0.319625884932954	8.36918817353951	0.373330499133481	0.974144355046722
Saci_1604	0.331520435665203	11.1102862575228	0.375112507015308	0.974144355046722
Saci_0074	-0.314165720108202	11.3291163326067	0.37591386314731	0.974144355046722
Saci_0900	0.322634503616246	11.4975928966672	0.376198841939476	0.974144355046722
Saci_1620	-0.379519202160209	8.05842300060326	0.377091023843911	0.974144355046722
Saci_1714	0.338064157842514	8.0020449829816	0.377510479890335	0.974144355046722
Saci_2109	0.273245669420859	8.77368553194907	0.377532633383998	0.974144355046722
Saci_1356	0.293910448670795	8.58702835066319	0.378014877358542	0.974144355046722
Saci_0898	-0.299308945462325	9.48590173234511	0.378634823633639	0.974144355046722
Saci_0765	-0.303746370708309	12.1276558763676	0.378687020788716	0.974144355046722
Saci_0003	-0.299894814510676	10.2687591599127	0.379097806024284	0.974144355046722
Saci_1296	-0.278909447608006	8.8377026610201	0.379556803158198	0.974144355046722
Saci_0039	-0.272268024745523	9.44013897188522	0.379667796463079	0.974144355046722
Saci_2338	-0.284515659915716	9.56115446913564	0.381565495597932	0.974144355046722
Saci_1701	-0.359305023124994	8.09119892155295	0.382106178106835	0.974144355046722
Saci_0565	0.325654424093722	8.23549918132219	0.386196508124564	0.974144355046722
Saci_0312	0.269039659861433	9.19574784148855	0.386325694469383	0.974144355046722
Saci_1326	0.317197539355384	8.89435798726125	0.390759981845542	0.974144355046722
Saci_1506	0.296922985864947	11.4854267851581	0.391525000871722	0.974144355046722
Saci_2301	0.32929243154375	7.84662359971999	0.39222115189525	0.974144355046722
Saci_0988	-0.314401830457362	11.8111671861779	0.392764597102229	0.974144355046722
Saci_2152	0.287120056452238	8.47502111028574	0.393031294560092	0.974144355046722
Saci_0846	-0.310493451849048	8.62791254154093	0.393178419536991	0.974144355046722
Saci_0164	0.283675184344763	10.5662188000643	0.394907736100059	0.974144355046722
Saci_0865	-0.259638385510968	9.27168072794734	0.396838334220398	0.974144355046722
Saci_1565	0.311574925664617	10.6811532554781	0.397542489408598	0.974144355046722
Saci_0667	0.288301333052852	10.5774652157803	0.399816715746906	0.974144355046722
Saci_1324	0.270259936061603	12.2760913951561	0.400315850295411	0.974144355046722
Saci_1917	-0.28634920752751	8.61005005386703	0.400863872188229	0.974144355046722
Saci_1434	-0.364508928078826	7.78843006611149	0.403109110766187	0.974144355046722
Saci_1674	0.31918767482788	7.87087027252951	0.406476207820174	0.974144355046722
Saci_1911	0.277326576339749	8.6319600700132	0.408184912117962	0.974144355046722
Saci_0878	-0.296595080443194	8.57889548220509	0.409407940021056	0.974144355046722
Saci_0065	-0.258705325615976	8.983007174438	0.410140667554495	0.974144355046722
Saci_0162	0.261783652978481	10.977631194844	0.410391626671949	0.974144355046722
Saci_1673	0.277429227597799	9.62498246524713	0.410757058304745	0.974144355046722
Saci_0047	0.26901233228558	12.4353075134773	0.412063123781296	0.974144355046722
Saci_0361	-0.28218927851128	8.72508770345845	0.414186527796535	0.974144355046722
Saci_1398	0.267971124548769	12.7604411097432	0.41420332033852	0.974144355046722
Saci_0089	-0.318781989397223	7.33997240499742	0.416180740979793	0.974144355046722
Saci_0277	-0.270103168070323	11.3535723937093	0.417697894125598	0.974144355046722
Saci_1409	-0.305506904892339	7.76508559932055	0.419815248345253	0.974144355046722
Saci_0663	-0.316907751178864	7.43990694034896	0.420010140828071	0.974144355046722
Saci_0363	-0.349006797720661	7.7332758858473	0.420321848654265	0.974144355046722
Saci_1884	-0.257321419083098	9.93645429264971	0.422782332108979	0.974144355046722
Saci_2238	-0.249662287543035	9.1621231421599	0.4276214015801	0.974144355046722
Saci_1227	0.259470622970147	10.1740092810651	0.427790101685008	0.974144355046722
Saci_0749	0.322905406122531	7.15598026551101	0.428984804422716	0.974144355046722
Saci_1633	0.30330567930892	9.32321868021459	0.429619192443184	0.974144355046722
Saci_2319	-0.245052247615913	8.73504005630127	0.430461841962502	0.974144355046722
Saci_1719	0.282769251780532	8.19905305861032	0.43240419006075	0.974144355046722
Saci_0763	-0.293171816039724	8.40782175115069	0.433590711694295	0.974144355046722
Saci_0316	-0.321517026224995	7.55501154478047	0.434023858540818	0.974144355046722
Saci_0392	0.249214433743101	11.9992326888138	0.43425478833923	0.974144355046722
Saci_0995	0.300847623457777	7.88545881569875	0.435470994710935	0.974144355046722
Saci_0060	0.308763490984648	9.12523735725781	0.43843950561589	0.974144355046722
Saci_2266	-0.252731131258838	9.6095398966811	0.441198894155278	0.974144355046722
Saci_0449	0.264264466803713	9.72075264708988	0.441249725008556	0.974144355046722
Saci_1194	0.240220937414643	9.5438964388491	0.441868691859272	0.974144355046722
Saci_1763	-0.241340231397955	9.90889637213047	0.442562468061126	0.974144355046722
Saci_0230	-0.273527359808286	8.41704070523201	0.443932564886294	0.974144355046722
Saci_2310	-0.313679216438442	16.126000302438	0.446125626948148	0.974144355046722
Saci_1378	-0.303722543847317	8.2629308416772	0.446164998897305	0.974144355046722
Saci_2323	0.305970899897598	8.03402594670086	0.44657296862581	0.974144355046722
Saci_1779	-0.233934560640626	9.52810338905953	0.446712322985984	0.974144355046722
Saci_1755	-0.360239747248108	7.53627173421524	0.446766118751915	0.974144355046722
Saci_1905	-0.255320213141922	8.4596281317176	0.447277462846023	0.974144355046722
Saci_0888	-0.324402031553857	7.72438882937946	0.447470119774112	0.974144355046722
Saci_0666	0.274362959400434	8.33204086635191	0.451294460189403	0.974144355046722
Saci_0634	0.316246457218119	7.85189795806308	0.452389384472188	0.974144355046722
Saci_0030	0.237729304922769	10.8436229755133	0.453872875395795	0.974144355046722
Saci_1570	0.252227568089971	10.2258723740208	0.458530437636225	0.974144355046722
Saci_1248	-0.234439998469787	8.90082191084007	0.459262243158144	0.974144355046722
Saci_0574	-0.265882409685806	8.06617465944958	0.459414567797515	0.974144355046722
Saci_1770	-0.337577824681706	7.71809386175094	0.459523354869235	0.974144355046722
Saci_1202	0.277075045109182	10.8827909034152	0.460071029660713	0.974144355046722
Saci_0919	0.264106606658085	10.3656061814984	0.460123940771656	0.974144355046722
Saci_0328	-0.33878394761211	7.00782053752271	0.462015997984191	0.974144355046722
Saci_2254	-0.277051301676961	12.6327962000814	0.462673130031754	0.974144355046722
Saci_1417	-0.228218909445715	8.96279023228122	0.46625510921919	0.974144355046722
Saci_0773	-0.302125488976894	7.38136419720258	0.468514365423282	0.974144355046722
Saci_0383	-0.246034123371867	8.31786262153775	0.469216695026595	0.974144355046722
Saci_1876	-0.246864012011238	10.6419290751378	0.470528099267998	0.974144355046722
Saci_2129	0.334160788076921	7.72526915223717	0.470649293609563	0.974144355046722
Saci_2245	-0.253230179368788	9.30189673320497	0.471760044843093	0.974144355046722
Saci_0265	0.252440370442999	11.0040548094015	0.473940106506501	0.974144355046722
Saci_1730	0.261452307097794	8.7078792194747	0.474191963088122	0.974144355046722
Saci_1214	-0.289106801272715	7.70997431144237	0.476570803526617	0.974144355046722
Saci_1049	-0.237819960975798	9.76370954467878	0.476648895502884	0.974144355046722
Saci_0615	-0.256354554943432	8.17955097704601	0.479412297323194	0.974144355046722
Saci_0144	0.221675295784072	10.7062843791348	0.48075421822818	0.974144355046722
Saci_0169	0.255248138786472	8.61771785114345	0.482880365249998	0.974144355046722
Saci_0916	-0.32497734431342	8.04718856070708	0.483802938402015	0.974144355046722
Saci_0372	-0.250814841046635	10.8877956285547	0.485091677760592	0.974144355046722
Saci_0306	-0.27788262174977	7.49197113708136	0.485671597187505	0.974144355046722
Saci_2189	-0.244770844297389	9.82838575832032	0.485782342590928	0.974144355046722
Saci_0258	0.220988933312397	8.93986398731192	0.487710245013634	0.974144355046722
Saci_0243	0.221952920662298	10.4625722873806	0.488128443226986	0.974144355046722
Saci_1963	-0.279459284587146	7.66514230487834	0.489292166675371	0.974144355046722
Saci_0048	-0.270155029671389	8.00895736924356	0.489657697224187	0.974144355046722
Saci_0967	-0.209931839111699	10.0916921047577	0.491126094716843	0.974144355046722
Saci_1321	0.272865884124757	10.3745958984759	0.493726813698493	0.974144355046722
Saci_0313	0.216558667312366	9.92583818147102	0.496114660691048	0.974144355046722
Saci_2122	0.254413185860885	8.17433413006545	0.496285639426038	0.974144355046722
Saci_1920	0.231353456112574	9.13799057164506	0.497551111013127	0.974144355046722
Saci_1655	-0.204429701897806	9.43816947466354	0.499781975724214	0.974144355046722
Saci_1100	0.243912916324737	8.65783870155472	0.500090415839967	0.974144355046722
Saci_1742	-0.269699508053443	7.48300978790279	0.500378304010854	0.974144355046722
Saci_0685	-0.251808745479455	7.68274326537996	0.501121417466775	0.974144355046722
Saci_0924	0.222100473755048	9.90938825615373	0.501249267080676	0.974144355046722
Saci_0268	0.23656304001033	10.5276624565715	0.503406738556425	0.974144355046722
Saci_0926	0.257661488237978	8.14819690108215	0.503591955915139	0.974144355046722
Saci_1784	0.23198444249635	9.16610835104583	0.504243427956129	0.974144355046722
Saci_0804	-0.253775157619727	8.19617795577038	0.505387166685795	0.974144355046722
Saci_0610	-0.234937634609714	8.38889444879209	0.505864607856311	0.974144355046722
Saci_1630	-0.213971072539454	11.6803687950412	0.507063439363286	0.974144355046722
Saci_1211	-0.221841063980334	10.8476476919675	0.508126680159802	0.974144355046722
Saci_1567	0.255300874355345	7.94269651414776	0.509010044203569	0.974144355046722
Saci_0232	0.210372315812936	9.86320364620805	0.509040033664577	0.974144355046722
Saci_2123	-0.208956574081515	9.54588028963976	0.509257535002443	0.974144355046722
Saci_0404	-0.196315774178362	9.18920624095536	0.510747681441722	0.974144355046722
Saci_1542	0.251215530444777	7.00459830547517	0.5108379250985	0.974144355046722
Saci_0021	0.228226641933317	10.0011457121659	0.511595098866004	0.974144355046722
Saci_0712	0.242545506769414	10.5263768790085	0.512243761679224	0.974144355046722
Saci_2241	-0.227018274034338	10.0667976523549	0.513019360964225	0.974144355046722
Saci_0114	-0.259002023980108	8.12672551573798	0.51655590766579	0.974144355046722
Saci_1304	0.220454306117814	8.32031151634917	0.518323374616094	0.974144355046722
Saci_2170	0.238018528692205	10.384278274555	0.518672475416233	0.974144355046722
Saci_2332	-0.23691070435231	8.07876733624745	0.518844783362323	0.974144355046722
Saci_0630	-0.254347253435529	8.13861517201874	0.519611892337812	0.974144355046722
Saci_2277	-0.21392521143662	10.0647620897234	0.520900748964809	0.974144355046722
Saci_2282	-0.204980393233907	9.87304686733469	0.521496475386974	0.974144355046722
Saci_1364	-0.246924347982922	7.7453482644786	0.521975640734231	0.974144355046722
Saci_1059	-0.254955040054069	7.68405845294246	0.523821055478557	0.974144355046722
Saci_1443	-0.276987881765596	7.21545880010634	0.523864577867373	0.974144355046722
Saci_0864	0.235733963441409	9.31527199233695	0.524247482925854	0.974144355046722
Saci_0872	0.210432048649874	9.03880589566964	0.524298056286457	0.974144355046722
Saci_1500	0.202301765947951	11.9539976225843	0.525852102003402	0.974144355046722
Saci_1914	0.234315381652314	8.09553537049702	0.525926891433566	0.974144355046722
Saci_0510	-0.196038111180088	9.15470967045308	0.526558564552707	0.974144355046722
Saci_1189	0.251802207589233	8.21277501589884	0.526816300662095	0.974144355046722
Saci_1045	0.206581967488023	11.7005299315645	0.527233770867076	0.974144355046722
Saci_1507	0.193228518350932	9.60806226918388	0.529311212297945	0.974144355046722
Saci_1746	-0.19325292123977	9.00667082673676	0.529517604895592	0.974144355046722
Saci_1271	-0.248983505218991	8.37639339397037	0.530980325748094	0.974144355046722
Saci_1188	-0.204442552630163	11.4846277878265	0.53102065125634	0.974144355046722
Saci_0225	0.237615933334114	7.7474900605843	0.535232410297614	0.974144355046722
Saci_0044	-0.192588253147045	9.83952533940002	0.535360796119427	0.974144355046722
Saci_0388	0.202355898529043	11.0472348357282	0.537768933709759	0.974144355046722
Saci_0939	-0.271314601135179	7.7872822828791	0.538595093354755	0.974144355046722
Saci_1629	-0.236008204961085	10.4022515341485	0.546001863620738	0.974144355046722
Saci_0491	-0.259639624854722	8.12661418112731	0.549986637574842	0.974144355046722
Saci_0879	0.210781345594802	8.19527565775163	0.55019600356937	0.974144355046722
Saci_1494	-0.199740454951754	8.33407910384855	0.551806772633316	0.974144355046722
Saci_0341	0.217539299095358	10.8981058142936	0.553254324708652	0.974144355046722
Saci_0702	0.240578487177166	7.94818996478969	0.553547653618919	0.974144355046722
Saci_0696	-0.221557774338775	9.30721723719692	0.554563772518727	0.974144355046722
Saci_1922	0.251129897901384	6.99427321005364	0.555469975632636	0.974144355046722
Saci_0373	0.230527818777823	10.7818422319356	0.558493197835589	0.974144355046722
Saci_0989	0.20120368372989	11.0802460248396	0.559709320580661	0.974144355046722
Saci_1153	0.214638019505698	9.90435090671873	0.560332245008697	0.974144355046722
Saci_0848	0.18661672518505	8.69279067056054	0.561883618473899	0.974144355046722
Saci_0042	0.237178236289478	9.14629572729472	0.562696178511761	0.974144355046722
Saci_1944	-0.275747927225682	7.94744355044111	0.563112995373166	0.974144355046722
Saci_2253	-0.22269216015175	8.18163377218413	0.564123638759439	0.974144355046722
Saci_1060	0.255756546524712	7.51805095500502	0.565119468586873	0.974144355046722
Saci_0601	-0.23048804294531	7.53033587209936	0.568365663093274	0.974144355046722
Saci_0619	0.184572941350036	10.0626474699627	0.571358147707779	0.974144355046722
Saci_2242	0.189269599606002	11.6250676341991	0.572617980047741	0.974144355046722
Saci_0269	-0.176963499406085	9.25658317365272	0.572723249861518	0.974144355046722
Saci_0207	0.179247072698384	12.0723478930627	0.573816873436699	0.974144355046722
Saci_2372	-0.180023885492629	9.61121486700836	0.573970917355158	0.974144355046722
Saci_0474	0.195750963153108	10.0104652090294	0.574034564042217	0.974144355046722
Saci_0745	-0.177995732668653	9.18301542105018	0.574548541963962	0.974144355046722
Saci_1220	0.20086948041611	8.65906201017069	0.575051516861018	0.974144355046722
Saci_0071	0.185255944958451	8.54311103029282	0.575087307553463	0.974144355046722
Saci_1498	0.26787273139231	7.29136533518514	0.575094697979585	0.974144355046722
Saci_1645	-0.212090341844455	8.9525809077482	0.578141721670643	0.974144355046722
Saci_1972	-0.207029931249686	9.00862640633043	0.578163923907416	0.974144355046722
Saci_1065	-0.190759029594237	8.30126013425903	0.583091094044157	0.974144355046722
Saci_2115	-0.190411443723854	9.79728463558502	0.584071385689311	0.974144355046722
Saci_0533	0.233673028123135	7.16790737894304	0.584433134144575	0.974144355046722
Saci_0618	-0.171012266782362	10.2715630061183	0.586351294070769	0.974144355046722
Saci_0100	-0.200580764740737	9.11939156521579	0.587253023231047	0.974144355046722
Saci_0636	0.163016023590896	8.78244357530951	0.589368760447826	0.974144355046722
Saci_2304	-0.172700232907638	9.26351588314811	0.589897493739313	0.974144355046722
Saci_1801	-0.190024312121137	8.44464523213841	0.591062537943058	0.974144355046722
Saci_0768	0.182081716342357	8.41506859491691	0.59122271887338	0.974144355046722
Saci_0851	0.210413863581927	7.12496315241341	0.592010716796559	0.974144355046722
Saci_0267	0.225487234070668	7.22259182692954	0.592989491397943	0.974144355046722
Saci_1808	-0.201911210354512	8.91083491566101	0.595093659584588	0.974144355046722
Saci_1855	-0.193119669929812	8.01736235567721	0.59556033595584	0.974144355046722
Saci_1639	0.191835022832922	9.39201329366507	0.599119617503258	0.974144355046722
Saci_1921	0.227507492432905	8.00680353860068	0.599779761863532	0.974144355046722
Saci_0227	0.207589172574774	8.1119450104264	0.599984561311396	0.974144355046722
Saci_1675	0.176450984951032	8.50178585922724	0.603774852020929	0.974144355046722
Saci_0067	0.180153002053098	10.2677385200565	0.60409877940973	0.974144355046722
Saci_1366	-0.345501867667059	7.02086079609158	0.608329707520018	0.974144355046722
Saci_1164	0.212986773912152	7.57184962375225	0.609217756891141	0.974144355046722
Saci_1198	-0.264285021989282	7.87356850023098	0.610864055442071	0.974144355046722
Saci_0093	0.185100609366841	8.4102876889518	0.613163715839598	0.974144355046722
Saci_0524	-0.202000978503315	7.28469114805066	0.61320846593604	0.974144355046722
Saci_0446	-0.247563471128042	7.50580440661046	0.613212755740535	0.974144355046722
Saci_1749	-0.170116759653417	8.54949157534286	0.615319133190638	0.974144355046722
Saci_2288	-0.166713832872834	11.6353689247886	0.617146812942049	0.974144355046722
Saci_1521	0.183303137522523	9.10521898699595	0.617640974118823	0.974144355046722
Saci_2350	-0.156818650090528	9.9255156672949	0.619366058349283	0.974144355046722
Saci_1523	-0.238310224624182	7.76589315579401	0.622032726455484	0.974144355046722
Saci_1621	0.155686169654734	10.2568031326342	0.62332494979455	0.974144355046722
Saci_0285	0.189032573484177	7.77827548523706	0.625442462205224	0.974144355046722
Saci_0867	-0.192656324557337	8.01705329104451	0.62638673313944	0.974144355046722
Saci_0418	-0.154297090957388	9.46881255912847	0.628291986420402	0.974144355046722
Saci_1250	0.157049632829706	8.58198219987321	0.628690053949395	0.974144355046722
Saci_0138	0.215463838705774	7.4792226455671	0.628986889174016	0.974144355046722
Saci_2039	0.191009548915928	8.37650373817714	0.629284676956525	0.974144355046722
Saci_0966	0.15425809385585	12.0342248228104	0.630553887224646	0.974144355046722
Saci_0982	-0.186694437758966	7.48439576672888	0.631115139380608	0.974144355046722
Saci_2364	0.168805961728586	10.097820036627	0.631366134166563	0.974144355046722
Saci_1139	0.16749118637715	9.76344719994294	0.631498669421926	0.974144355046722
Saci_2314	0.181271432485312	8.74363911776914	0.631523036445218	0.974144355046722
Saci_0662	0.14436416874171	9.43030025571329	0.635155954443659	0.974144355046722
Saci_0218	0.188520731749887	7.19547686684134	0.635655396074383	0.974144355046722
Saci_0290	0.174952405386794	8.29325881825469	0.636350471503991	0.974144355046722
Saci_0985	0.167557485223252	13.3175932139417	0.637253766741478	0.974144355046722
Saci_0315	0.217814061958187	7.76866162138895	0.638233022863454	0.974144355046722
Saci_1037	0.184958764866417	7.79076713035174	0.639407351232154	0.974144355046722
Saci_2161	0.190926754453439	8.25561358866604	0.639820122586193	0.974144355046722
Saci_0688	-0.148610014154092	10.9986156297843	0.641682945830274	0.974144355046722
Saci_1238	0.16086942350681	11.2639325590237	0.642326621787029	0.974144355046722
Saci_1032	0.209008882494197	8.08885904457597	0.642462102356666	0.974144355046722
Saci_0731	-0.177403346183239	9.70578249413414	0.642609971751175	0.974144355046722
Saci_2168	0.149281672125433	10.1146546452004	0.644102680810512	0.974144355046722
Saci_0733	-0.139248181886564	9.30303539676735	0.645482095941453	0.974144355046722
Saci_1541	-0.158275864758723	9.78777856433735	0.647105680765862	0.974144355046722
Saci_1203	0.151575500759757	12.9569111205647	0.648194436159221	0.974144355046722
Saci_2167	0.176442598075437	7.64073570619419	0.649263348006424	0.974144355046722
Saci_2118	-0.166331603670902	9.35693600281111	0.65036919053749	0.974144355046722
Saci_0917	-0.173025652151886	8.64864893586829	0.65086538935251	0.974144355046722
Saci_0504	-0.147865336988532	12.0285740324398	0.652467242695009	0.974144355046722
Saci_2261	-0.139900459213186	8.72085133157679	0.654783219728678	0.974144355046722
Saci_1011	-0.153640547299223	11.254320875275	0.655314364691219	0.974144355046722
Saci_2328	0.146707993664291	8.74784400360102	0.655712685742356	0.974144355046722
Saci_0242	0.141883760324588	10.4976499987388	0.6558170322936	0.974144355046722
Saci_0228	0.148619063176642	8.69565344417994	0.65724721195601	0.974144355046722
Saci_0992	0.143067073251452	11.1620049953035	0.659034439381999	0.974144355046722
Saci_1040	0.163558697517837	9.14521648962351	0.660168614877228	0.974144355046722
Saci_1132	0.154856474142102	8.52161367192617	0.661704774883552	0.974144355046722
Saci_0703	-0.166461139143118	8.0658942011088	0.663045242336652	0.974144355046722
Saci_0450	-0.14241804988609	11.3287751942031	0.664376258377561	0.974144355046722
Saci_1839	0.171788472657164	8.33832145221436	0.66458466124506	0.974144355046722
Saci_0870	0.183608230000568	7.84296867353439	0.665808021487498	0.974144355046722
Saci_1363	-0.151337754971844	8.63478294481367	0.666812149894761	0.974144355046722
Saci_0424	0.161945019375999	10.6219464328976	0.668544922890472	0.974144355046722
Saci_1015	-0.138905078300875	9.18543120555715	0.668979779533046	0.974144355046722
Saci_2276	0.152986191148972	8.56551827668352	0.669623198604988	0.974144355046722
Saci_0423	0.140555720334955	8.52750344170883	0.670955601783677	0.974144355046722
Saci_0699	-0.167676208859628	8.01184925659256	0.671757395307875	0.974144355046722
Saci_2320	0.163556084933399	7.52765237038641	0.672057245248639	0.974144355046722
Saci_1491	-0.148795347373041	8.335821986585	0.67295751491582	0.974144355046722
Saci_0102	-0.175789644781702	7.80446538551996	0.683375954249818	0.974144355046722
Saci_1148	-0.148755388787673	8.90004416007832	0.683938544023436	0.974144355046722
Saci_0675	-0.127902677654019	10.2650567177068	0.683975894113438	0.974144355046722
Saci_0421	-0.127802041481386	9.24807361561964	0.684689761239378	0.974144355046722
Saci_1212	-0.134909448162708	12.2937997289722	0.686405881916778	0.974144355046722
Saci_1539	0.160023400535016	7.84894518355415	0.687560060949693	0.974144355046722
Saci_0837	0.130388710338347	8.64614413646837	0.688017281810586	0.974144355046722
Saci_1973	0.1276943267289	11.0520079535936	0.688993239468359	0.974144355046722
Saci_0641	-0.131744049634538	9.56181039353945	0.690134007639603	0.974144355046722
Saci_0119	0.129093083520349	9.02645060066947	0.690668795000582	0.974144355046722
Saci_2113	0.192519016292874	7.72572938187815	0.691162611016376	0.974144355046722
Saci_1231	0.124243953960038	9.69936459717654	0.69135645169112	0.974144355046722
Saci_1014	0.140341976524681	10.7557634704325	0.691619303990281	0.974144355046722
Saci_1050	0.190189918367463	7.24032384273938	0.693079226859023	0.974144355046722
Saci_1492	-0.139551835953759	9.30205258330349	0.693163536888576	0.974144355046722
Saci_2339	-0.12385826713808	9.61260106857359	0.693384539218412	0.974144355046722
Saci_2132	-0.147377169841197	10.8347244517348	0.693483512205702	0.974144355046722
Saci_1246	0.123811939032041	8.62792881280883	0.694639974886077	0.974144355046722
Saci_1513	-0.140170603811743	8.32385704057976	0.69546139866857	0.974144355046722
Saci_0483	0.168420161097424	8.11023313753915	0.696994022559722	0.974144355046722
Saci_0863	0.123447633497262	12.7249774554424	0.697480811044644	0.974144355046722
Saci_0841	0.136968907513298	9.56755956563946	0.700941419736773	0.974144355046722
Saci_1915	0.190167546501926	7.78896724234794	0.701476898846172	0.974144355046722
Saci_0152	-0.160764318169111	8.53639367050652	0.701623475755125	0.974144355046722
Saci_1455	0.163081631231004	7.85016677601365	0.702467092863312	0.974144355046722
Saci_2024	0.168808263062807	8.12952769341856	0.702673481494531	0.974144355046722
Saci_0199	0.170256684909573	7.67212939021477	0.703140551751588	0.974144355046722
Saci_1646	0.149312073321204	11.0953022552685	0.704057889370604	0.974144355046722
Saci_0189	0.121041958623678	9.64760589880142	0.704393295818822	0.974144355046722
Saci_1600	0.147697118260635	8.61454955875779	0.70507817854071	0.974144355046722
Saci_0693	-0.158559559712643	8.13482827573697	0.705861698284834	0.974144355046722
Saci_1535	0.149301581520395	8.45026828315506	0.706730147532045	0.974144355046722
Saci_1683	-0.122810418156117	9.57027535836085	0.707059814243813	0.974144355046722
Saci_1753	0.176668816975705	7.51873533148286	0.709603985665057	0.974144355046722
Saci_0956	-0.118912943432655	9.51068041113714	0.709625521805535	0.974144355046722
Saci_1483	-0.118149617574244	9.7381941172656	0.709631914052273	0.974144355046722
Saci_1081	-0.188082537962848	7.94943986007908	0.710253258150123	0.974144355046722
Saci_1414	-0.135129836119692	11.2310021109243	0.710394257843298	0.974144355046722
Saci_1725	0.155509583371421	8.57177293187823	0.710777241789822	0.974144355046722
Saci_0539	0.163377329060036	7.81650600913713	0.712713592834395	0.974144355046722
Saci_0058	0.135893883599266	8.35906332117766	0.713450646656617	0.974144355046722
Saci_0748	0.121921305356798	9.27784947951161	0.714623865762529	0.974144355046722
Saci_0118	0.203489528333688	7.29882166088366	0.715191161007848	0.974144355046722
Saci_0366	-0.116430785797978	10.886810179611	0.715779000708708	0.974144355046722
Saci_0803	0.120908375576725	10.7727844261418	0.715836633306511	0.974144355046722
Saci_0124	-0.160900828383194	7.74104961574199	0.716088185138745	0.974144355046722
Saci_0871	0.190735165686159	7.56457218814611	0.718432333369082	0.974144355046722
Saci_1095	-0.158339380148367	7.54626273970469	0.718811488547886	0.974144355046722
Saci_0430	-0.120734999261155	10.7233546815409	0.719946948610479	0.974144355046722
Saci_1051	0.147073009300062	7.22502421939648	0.720632089155045	0.974144355046722
Saci_0496	0.15809650721522	7.85283801916312	0.724339578225503	0.9759292793403
Saci_0107	-0.159217881499537	7.85820227574227	0.725307918832336	0.9759292793403
Saci_2138	-0.112419791954261	10.4223274286633	0.725656372929067	0.9759292793403
Saci_0369	-0.16021038160655	7.44547228838874	0.727721609301588	0.9759292793403
Saci_0911	-0.173368824266855	7.38157870790515	0.727831595074272	0.9759292793403
Saci_0473	-0.16020046513949	8.1930328634283	0.731214134809974	0.978533064567802
Saci_1711	-0.113213483905097	11.2384445395613	0.733478498064093	0.978533064567802
Saci_0250	0.126720089948301	8.69124851262313	0.734135359926886	0.978533064567802
Saci_0884	0.114618473297572	8.87698095254261	0.734680439850505	0.978533064567802
Saci_0637	0.11425126272517	9.71398154519027	0.738512742996612	0.978533064567802
Saci_2352	0.114293458670812	9.61985241702162	0.738823583281144	0.978533064567802
Saci_1197	-0.113186391067335	7.98274285529912	0.740673984828772	0.978533064567802
Saci_2197	0.108731249849307	8.78135608855086	0.742402595808492	0.978533064567802
Saci_0175	-0.140851053900413	8.3998403456534	0.74255538400815	0.978533064567802
Saci_1731	0.148279153500993	8.01082118150171	0.744397847531103	0.978533064567802
Saci_0295	-0.10014011389911	9.44020418773344	0.744606886639516	0.978533064567802
Saci_2023	-0.171326804748352	7.54913853040882	0.744957384705094	0.978533064567802
Saci_0701	-0.110653246407373	7.77036676754464	0.746078604950633	0.978533064567802
Saci_0239	-0.112013988293353	8.83974066975385	0.746278831170384	0.978533064567802
Saci_1568	-0.187364732223814	7.42818760298078	0.748456936588039	0.979841099949642
Saci_0800	-0.105087862147274	10.7212474022544	0.75187404576899	0.982530351609797
Saci_0202	-0.10388537549138	10.0086886783867	0.753393108601863	0.982530351609797
Saci_0940	-0.133723238707675	7.93486248148913	0.75406245057282	0.982530351609797
Saci_1715	-0.128105037163991	7.8603066436456	0.756735623251567	0.983223276845564
Saci_0203	0.131233655639614	9.00944054143412	0.75696346253532	0.983223276845564
Saci_0167	0.136123757827797	7.87247968989111	0.758496563663912	0.983675231001636
Saci_1396	-0.126384429526066	7.70206834499421	0.765604797405359	0.986484803727377
Saci_0340	0.102341313458019	9.71403679484517	0.765824733046806	0.986484803727377
Saci_0364	0.0962406513164684	10.3852284985547	0.765986101741887	0.986484803727377
Saci_0412	-0.158647995826818	7.60860859744743	0.767811006310739	0.986484803727377
Saci_1690	-0.0989657065165245	10.147958564427	0.768611411783327	0.986484803727377
Saci_0856	0.0927492183781049	13.7701929687829	0.770511013767074	0.986484803727377
Saci_0448	-0.136182168895103	7.93463937047324	0.77057893714686	0.986484803727377
Saci_0507	-0.0964611362428288	12.3477021749533	0.77464437080533	0.986484803727377
Saci_0759	0.128248984251821	7.39696235699293	0.774862116606536	0.986484803727377
Saci_0647	-0.127000353506696	7.74291405983627	0.776283601828054	0.986484803727377
Saci_1656	-0.105735620189638	11.7210011908169	0.776300903027568	0.986484803727377
Saci_0226	0.0921537832238609	9.5836371396485	0.776321663687691	0.986484803727377
Saci_1909	0.092702455666385	9.46088786792438	0.77666223106573	0.986484803727377
Saci_1251	0.0955276657161034	9.44790446301187	0.777302483900849	0.986484803727377
Saci_0547	0.0915212723636263	9.90214728784768	0.77859930840155	0.986622024386697
Saci_2128	0.128854472752981	7.43468848675784	0.782478207482716	0.990025780808924
Saci_1147	-0.0845239259830315	9.44783056003666	0.786184165760412	0.99073211753854
Saci_1896	0.0852495526879678	10.6038686923802	0.786998981948259	0.99073211753854
Saci_0838	-0.145813743626366	7.82231907935501	0.787336829478346	0.99073211753854
Saci_1641	-0.104762237896348	13.2530135564126	0.787811081416189	0.99073211753854
Saci_2334	-0.0887371915947683	8.92091776398886	0.79161539939305	0.992936251680489
Saci_1428	0.0810261195030828	9.4793029082677	0.794080133128825	0.992936251680489
Saci_2343	-0.0963499143742835	8.27167902367166	0.796921055754258	0.992936251680489
Saci_0893	0.078652017888977	10.0614080211885	0.799460449342302	0.992936251680489
Saci_2239	-0.100940532532795	9.04517455047046	0.799698959026542	0.992936251680489
Saci_1290	0.0994988123423853	8.30427772784386	0.8006934347395	0.992936251680489
Saci_0725	-0.0862276712648177	9.0343847730234	0.801819037073975	0.992936251680489
Saci_1242	-0.0806625897020257	9.94763618857006	0.802102444534608	0.992936251680489
Saci_1495	0.0927300353508395	8.82573131716438	0.802481930490065	0.992936251680489
Saci_1070	0.0774018093276493	10.2089871588299	0.8039208632383	0.992936251680489
Saci_1667	0.0921029629899374	7.35325537739608	0.806530394691181	0.992936251680489
Saci_1727	0.132223106533958	7.82826060695961	0.806718391307741	0.992936251680489
Saci_0140	0.0858809721751589	9.25401361521401	0.808582832928937	0.992936251680489
Saci_2117	-0.0877410548576261	9.61940118487683	0.810813302355119	0.992936251680489
Saci_0761	-0.107462829485593	7.98536488977957	0.811120604176445	0.992936251680489
Saci_1346	0.081770028621652	7.3989339687799	0.811367252916463	0.992936251680489
Saci_2346	-0.110407458862262	7.69169136742956	0.811619490961772	0.992936251680489
Saci_2275	0.0830995743589859	9.53658826553655	0.811636603313447	0.992936251680489
Saci_1635	0.0908707828185589	8.12732081075337	0.814469882304457	0.992936251680489
Saci_1323	0.0854289979921297	10.3571759517441	0.815038477836885	0.992936251680489
Saci_0075	-0.0826221195765233	8.94167128032962	0.816319893366814	0.992936251680489
Saci_0847	0.080306494390881	10.1756960966543	0.819238083446087	0.992936251680489
Saci_1866	0.101071896385278	7.74975162612985	0.819583312830975	0.992936251680489
Saci_2367	-0.087451804178162	9.78941999966563	0.820633118730986	0.992936251680489
Saci_0425	-0.0782925080071154	11.4748790386034	0.822606513483221	0.992936251680489
Saci_1390	-0.106296441470661	7.80852756550454	0.822861474334231	0.992936251680489
Saci_0552	0.0798275390976897	9.1702123204687	0.824082052741847	0.992936251680489
Saci_0495	-0.0797344135341304	9.2973506477401	0.825054870600368	0.992936251680489
Saci_1850	0.0656268566238254	8.7814132579553	0.826043906781467	0.992936251680489
Saci_2353	0.0737347950664658	11.6768969531528	0.826965655523514	0.992936251680489
Saci_0393	0.0843765498200772	8.2130902151295	0.827663519442414	0.992936251680489
Saci_2312	0.0851797189585253	8.7574342274435	0.827845645979396	0.992936251680489
Saci_0500	0.0876955108631862	7.86216877993102	0.832525572046792	0.995996596847633
Saci_2289	0.0680967028898024	9.91000454427876	0.834235763544969	0.995996596847633
Saci_0217	-0.085908509136561	8.90061810957218	0.835267337945984	0.995996596847633
Saci_1314	0.065251431034159	10.5899499070148	0.835404322611272	0.995996596847633
Saci_0165	-0.112579438240651	7.86551465342469	0.838646749407529	0.995996596847633
Saci_1325	0.0670286758416375	8.89971446756403	0.839190043157372	0.995996596847633
Saci_0971	-0.0676659449088515	12.3785814198408	0.839447297714509	0.995996596847633
Saci_1769	0.0765369553831075	12.1115726216821	0.84103594282678	0.995996596847633
Saci_0886	0.0625296475632068	9.42598353548296	0.841197125771314	0.995996596847633
Saci_0303	0.0698913017076884	9.588362419868	0.843890191020924	0.997174951948245
Saci_1534	0.067558116058185	8.73760033685485	0.844595170144116	0.997174951948245
Saci_0351	-0.060389597167856	11.138122550382	0.849724707862611	0.999381260863053
Saci_0555	0.0631832238177885	8.95289165445085	0.851159899611921	0.999381260863053
Saci_0789	-0.061221010800061	11.4859601146535	0.852896163610138	0.999381260863053
Saci_0201	0.148170599129162	7.69371973743569	0.854409440545875	0.999381260863053
Saci_2374	-0.0585948914701702	8.63182523189628	0.856293648973532	0.999381260863053
Saci_0687	0.0568034637759502	10.3561620164472	0.856779678399114	0.999381260863053
Saci_1405	-0.0907411878811546	7.38241217177701	0.856882548393131	0.999381260863053
Saci_1225	-0.0584287378216254	10.2681807703026	0.857891279487676	0.999381260863053
Saci_1289	0.0658712353030981	11.9995824499169	0.858956721672992	0.999381260863053
Saci_1036	0.0718059088857239	7.28873466574012	0.86164600526999	0.999381260863053
Saci_2326	0.058878737571449	9.82671109257751	0.861812583832383	0.999381260863053
Saci_2228	0.0651001628069628	13.5264864984575	0.862072915991637	0.999381260863053
Saci_1721	-0.0700222232212203	8.27871434245713	0.862116846720417	0.999381260863053
Saci_1813	0.0610361449809232	7.97378038056766	0.863622881167402	0.999730810835347
Saci_2164	-0.0639439559432834	7.68843037569721	0.868902508133256	1
Saci_1852	0.0992627277299209	7.51915728730589	0.871775558689925	1
Saci_1949	0.0633189257622863	7.97286434968338	0.873442385736169	1
Saci_0918	-0.0582492157815215	13.4768409120981	0.875026833839	1
Saci_0275	0.109956065456743	7.53946379235107	0.876265764949912	1
Saci_1372	-0.0562957761862253	10.9188866397355	0.878172411988926	1
Saci_1308	0.0602733936155809	8.12932449761542	0.879839581390804	1
Saci_0617	0.0486101043891359	8.20542814322742	0.879941511790247	1
Saci_1908	-0.0580824980474339	9.01567161824142	0.881424732866118	1
Saci_1201	-0.0752002238536881	8.1349692718895	0.882513300468555	1
Saci_0499	0.0559704320581648	8.82623430258859	0.884310791360796	1
Saci_1192	-0.0570474561514863	10.4527154522956	0.884443943664497	1
Saci_0379	0.0463115074804708	10.0991432454746	0.884730222814576	1
Saci_1471	0.0739155518207865	7.73376226735595	0.885073645888971	1
Saci_0994	0.046347693194825	8.9114000488661	0.88670501757926	1
Saci_2341	-0.109248332321364	7.60343784232431	0.890743596495581	1
Saci_1496	-0.0394700182047142	8.27608110234286	0.891835671149471	1
Saci_1664	0.0440439760849714	11.6063280442284	0.892881848304022	1
Saci_1274	0.0454142301734139	12.1981933275639	0.893034859801935	1
Saci_2100	0.071631249720433	8.42560611762998	0.894163225317355	1
Saci_1919	-0.0472144026039305	9.49738675091496	0.894378452666677	1
Saci_0829	0.0459627818534104	11.9393784697043	0.894591910529065	1
Saci_0389	0.0533109017463334	8.45148459487345	0.895529793527982	1
Saci_0830	0.0427823672202544	11.9324591733191	0.898180145521005	1
Saci_2375	0.0719368840659434	7.75220263145296	0.900195774667198	1
Saci_1632	0.0431290411211553	11.9484239726567	0.900375900287338	1
Saci_0550	-0.0434984021901218	10.8580027103927	0.901159166927645	1
Saci_0487	0.0396776694185833	11.79705703693	0.904822053648004	1
Saci_1074	0.0357196457184126	8.90226861950182	0.908986332823915	1
Saci_0946	-0.0583595868815201	7.48333969858671	0.91069315232384	1
Saci_1205	0.0233296544586736	7.337202059319	0.910846486230121	1
Saci_0801	-0.0396453777949022	9.37115952531481	0.91084826235453	1
Saci_0155	-0.036970468710935	11.1389383404218	0.911378145809716	1
Saci_1838	-0.0567724420643602	8.00419257171341	0.914049319706357	1
Saci_1400	0.0286876922134425	8.21490121626662	0.91481999820204	1
Saci_0346	0.0410711226422574	8.36135882361577	0.91536225244336	1
Saci_0970	0.0334752742519947	8.81768067735613	0.915804238786249	1
Saci_1041	0.0339306579491552	11.466326070169	0.919563747020236	1
Saci_1391	-0.0752290626337064	8.31299981134812	0.920524123280653	1
Saci_1707	0.0326629613656806	10.2146965294866	0.922772526032021	1
Saci_1561	-0.0509897423735802	7.33327956830359	0.923776427112721	1
Saci_1292	0.0322889295174087	11.2141786446109	0.924260470833424	1
Saci_1614	0.0732758682713982	7.74021934121972	0.926482500851763	1
Saci_1689	-0.0261473953469553	8.53523634087165	0.927235102630525	1
Saci_0944	-0.0322186975376104	10.9218001900324	0.928525258472494	1
Saci_0795	0.0401672014736973	7.82461850311697	0.928667837688445	1
Saci_1574	0.0369149280843922	8.62620638836	0.929834069381724	1
Saci_2279	0.0328303979036687	9.35291620087373	0.930514115879138	1
Saci_2181	0.031247222199875	8.91599006734819	0.930965359048697	1
Saci_1697	-0.0235784631422775	8.72021689667688	0.934175298233643	1
Saci_1859	-0.0541117588780172	7.73568270990434	0.93446792937541	1
Saci_1828	-0.0295233427481557	10.9334264641245	0.934814580747969	1
Saci_1754	0.0268317842803871	8.03864082181274	0.93753735397417	1
Saci_0327	0.0435763375891264	7.90330618654353	0.938558491031789	1
Saci_0034	0.0255999148924587	11.4193538215524	0.938575650343367	1
Saci_1668	0.0325910728025909	10.7467755939379	0.939086186605772	1
Saci_0117	0.0251825231377954	9.66711206750706	0.940250946149672	1
Saci_0824	0.0271843812168646	8.20290351320456	0.941929274539665	1
Saci_0736	-0.0309629297423448	9.00098399840453	0.94255169116923	1
Saci_0384	0.0275988256190597	10.7340594486846	0.943654844535893	1
Saci_0405	0.0257329742377648	9.0057976658188	0.943940782346672	1
Saci_0445	0.0269234344764191	8.96870285205974	0.94418361732488	1
Saci_0216	0.0236615248012982	11.2607083669663	0.94909143319175	1
Saci_1411	-0.0592477228721925	7.2797298678791	0.949376137424342	1
Saci_1101	0.0250939696032821	9.64215695916809	0.95099626459053	1
Saci_0128	-0.0226848086652627	9.39393176376941	0.955694708051755	1
Saci_1357	0.0200812779456862	12.9650479078847	0.957260785199519	1
Saci_0787	0.019193257636233	10.0962961863637	0.95831472223217	1
Saci_0494	-0.0395597516898431	8.76196489782506	0.958434924481101	1
Saci_0949	-0.0511060196080758	7.62755173972038	0.959786603803248	1
Saci_2247	0.0241963316065308	7.64015602194918	0.96012479677537	1
Saci_1780	-0.0640958734934213	7.65276801970226	0.960821316892787	1
Saci_0240	-0.0213956670618991	9.64834198299066	0.965018398547416	1
Saci_0479	-0.0346579570005683	9.30383985298331	0.967514274201512	1
Saci_2236	-0.028870177188218	8.0969599267656	0.968522770033765	1
Saci_0097	0.0201556247222772	10.0366749210742	0.96861439736163	1
Saci_0131	0.0366446376576842	8.20868056858617	0.971596976867887	1
Saci_0720	0.0212116496998782	8.06605905391627	0.972495552519103	1
Saci_1480	0.00216156334039421	8.27212859938979	0.973297834458735	1
Saci_0899	-0.0132157363713171	11.2679891553634	0.973582823901871	1
Saci_0057	0.0110074670271931	12.7098470786131	0.976398472909596	1
Saci_0836	0.0129982431722178	10.0801944981532	0.977098652813163	1
Saci_1564	0.00519848870847198	8.85250422298735	0.979561327116601	1
Saci_0567	0.00930839219107409	10.8556349249765	0.981173332194789	1
Saci_0798	-0.00256346788688584	9.14957780589615	0.983318360729513	1
Saci_0546	-0.0160377986091449	9.21791997398578	0.983568816855484	1
Saci_0160	-0.00594477893095025	10.0275457403469	0.984672391638438	1
Saci_1489	-0.0159360208556835	9.51799977351939	0.987006168853341	1
Saci_0125	-0.00420117269901284	9.6818302961594	0.988558526380239	1
Saci_1219	0.00465593332646369	10.7121146778922	0.989202866045901	1
Saci_0046	0.00615294996384244	11.8268658340703	0.99010754193186	1
Saci_0933	0.00784544374352754	10.7494209069202	0.990337443579296	1
Saci_0414	0.00335353879407245	12.9333763323735	0.993154379324092	1
Saci_0566	-0.0219326326161522	8.11639273204723	0.999999999999999	1
Saci_1320	-0.0372091734286403	7.64711284919283	0.999999999999999	1
Saci_0977	0.00599209799735171	10.4384086661574	0.999999999999999	1
Saci_0744	-0.00587168071223236	9.22809927437004	0.999999999999999	1
Saci_1545	0.00178871351095976	10.1055475556248	0.999999999999999	1
Saci_1827	-0.0029725955523895	7.87989709942812	1	1
Saci_1182	0.0126857308124174	9.16788868038796	1	1
Saci_1776	-0.0233104915878086	7.22996003449061	1	1
Saci_1058	-0.0139473654869662	9.12168886895448	1	1
Saci_1818	-0.0287229518683839	7.70842695106552	1	1
Saci_1676	-0.0222261897636702	7.44322061854251	1	1
Saci_2087	0.02022369426224	8.05339979254968	1	1
Saci_0017	-0.0131915942572759	8.01384042323813	1	1
Saci_1939	0.0114364866377246	8.34179549764938	1	1
Saci_1960	-0.00886364345411045	7.1508845702159	1	1
Saci_0434	0.00875296028954993	8.21141702659904	1	1
Saci_2246	-0.00760434649722574	8.76888775139383	1	1
Saci_1585	0.00365189827217056	9.56601888685286	1	1
Saci_1809	0.00256934716195349	8.96267787367672	1	1
Saci_0790	-0.000952684481723133	10.6948766267113	1	1
